window_start,entry_second,direction,amount,entry_price,btc_at_entry,btc_change_pct,real_poly_up,real_poly_down,actual_outcome,won,pnl,confidence,unanimous,exit_reason,exit_second,judge_1,judge_2,judge_3
2026-03-11T08:25:00+00:00,139.0,DOWN,150.0,0.5,69520.01,-0.031733390860061744,0.505,0.495,DOWN,True,148.5,0.5607647818987082,True,,,DOWN,DOWN,DOWN
2026-03-11T08:35:00+00:00,80.0,UP,172.5,0.4,69691.53,0.16419385493614144,0.395,0.605,UP,True,257.025,0.9924666666666666,True,,,UP,UP,UP
2026-03-11T12:05:00+00:00,114.0,DOWN,200.0,0.5,69072.1,-0.032962605793386036,0.5,0.495,DOWN,True,198.0,0.6760746997686828,True,,,DOWN,DOWN,DOWN
2026-03-11T12:25:00+00:00,199.0,UP,200.0,0.47,69424.27,0.03401391118951068,0.45999999999999996,0.54,UP,True,223.53191489361706,0.8934100307193856,True,,,UP,UP,UP
2026-03-11T13:35:00+00:00,83.0,UP,200.0,0.5,70768.95,0.030695230993678137,0.49,0.51,UP,True,198.0,0.6366679146091464,True,,,UP,UP,UP
2026-03-11T14:20:00+00:00,225.0,UP,200.0,0.4,70514.8,0.05155230349197276,0.395,0.605,DOWN,False,-115.0,0.9759333333333333,True,"stop_loss(roi=-57.50% <= -45.12%, hold=68.0s >= 60.0s, conf=0.976, rem=7.0s, btc_entry_move=-0.0944%)",293.0,UP,UP,UP
2026-03-11T14:40:00+00:00,212.0,UP,200.0,0.52,70857.46,0.03811433989749466,0.515,0.485,UP,True,182.61538461538458,0.8363383249487528,True,,,UP,UP,UP
2026-03-11T15:00:00+00:00,115.0,DOWN,200.0,0.5,70561.15,-0.03305666163476119,0.505,0.495,DOWN,True,198.0,0.6404837365656012,True,,,DOWN,DOWN,DOWN
2026-03-11T15:10:00+00:00,71.0,DOWN,200.0,0.5,70292.33,-0.04234654440401508,0.51,0.49,DOWN,True,198.0,0.6379929132727257,True,,,DOWN,DOWN,DOWN
2026-03-11T16:35:00+00:00,155.0,UP,200.0,0.48,70751.57,0.05224559987185764,0.47,0.53,DOWN,False,-95.83333333333333,0.8765636901125043,True,"stop_loss(roi=-47.92% <= -45.78%, hold=98.0s >= 60.0s, conf=0.877, rem=47.0s, btc_entry_move=-0.1083%)",253.0,UP,UP,UP
2026-03-11T17:35:00+00:00,62.0,DOWN,200.0,0.49,70950.0,-0.04983612244180642,0.515,0.485,DOWN,True,206.16326530612247,0.8469141303309922,True,,,DOWN,DOWN,DOWN
2026-03-11T18:00:00+00:00,112.0,DOWN,200.0,0.52,70776.24,-0.036727073563189216,0.485,0.515,UP,False,-119.23076923076924,0.5572062424877687,True,"stop_loss(roi=-59.62% <= -51.37%, hold=106.0s >= 60.0s, conf=0.557, rem=82.0s, btc_entry_move=+0.0933%)",218.0,DOWN,DOWN,DOWN
2026-03-11T18:15:00+00:00,102.0,DOWN,200.0,0.52,70745.4,-0.03268331273097204,0.485,0.515,DOWN,True,182.61538461538458,0.5322493508287597,True,,,DOWN,DOWN,DOWN
2026-03-11T18:35:00+00:00,76.0,DOWN,200.0,0.51,70671.98,-0.06927554189122194,0.495,0.505,DOWN,True,190.156862745098,0.7963196437584453,True,,,DOWN,DOWN,DOWN
2026-03-11T19:10:00+00:00,140.0,DOWN,200.0,0.5,70452.98,-0.041217397922908426,0.505,0.495,UP,False,-200.0,0.751913646007991,True,,,DOWN,DOWN,DOWN
2026-03-11T19:30:00+00:00,115.0,DOWN,200.0,0.51,70500.68,-0.062628673624505,0.495,0.505,UP,False,-101.9607843137255,0.766877181518327,True,"stop_loss(roi=-50.98% <= -47.02%, hold=64.0s >= 60.0s, conf=0.767, rem=121.0s, btc_entry_move=+0.0909%)",179.0,DOWN,DOWN,DOWN
2026-03-11T20:55:00+00:00,227.0,UP,100.0,0.52,70660.52,0.0657567739693008,0.515,0.485,UP,True,91.30769230769229,0.9759333333333333,True,,,UP,UP,UP
2026-03-12T00:20:00+00:00,84.0,DOWN,200.0,0.47,70191.02,-0.05788591044414101,0.535,0.46499999999999997,UP,False,-114.89361702127658,0.8909514015623478,True,"stop_loss(roi=-57.45% <= -46.67%, hold=116.0s >= 60.0s, conf=0.891, rem=100.0s, btc_entry_move=+0.0943%)",200.0,DOWN,DOWN,DOWN
2026-03-12T00:25:00+00:00,63.0,DOWN,200.0,0.52,70299.96,-0.07653633560396152,0.5,0.5,DOWN,True,182.61538461538458,0.5539527393319039,True,,,DOWN,DOWN,DOWN
2026-03-12T02:15:00+00:00,159.0,DOWN,200.0,0.51,69754.71,-0.054739008906298466,0.495,0.505,DOWN,True,190.156862745098,0.8138850677898315,True,,,DOWN,DOWN,DOWN
2026-03-12T07:20:00+00:00,157.0,UP,200.0,0.47,69575.09,0.06584831190949107,0.46499999999999997,0.535,UP,True,223.53191489361706,0.9471333333333334,True,,,UP,UP,UP
2026-03-12T12:55:00+00:00,123.0,DOWN,200.0,0.52,70354.61,-0.0317243216602518,0.485,0.515,UP,False,-173.07692307692307,0.53946124930946,True,"hard_adverse_flush(opposite_ask=0.930 >= 0.930, roi=-86.54% <= -45.00%, rem=29.0s, adverse=False)",271.0,DOWN,DOWN,DOWN
2026-03-12T13:50:00+00:00,77.0,DOWN,200.0,0.51,70019.71,-0.04021413437342254,0.495,0.505,DOWN,True,190.156862745098,0.5370300691288297,True,,,DOWN,DOWN,DOWN
2026-03-12T14:20:00+00:00,48.0,DOWN,200.0,0.52,70121.7,-0.05737564896286016,0.485,0.515,UP,False,-107.69230769230771,0.5028590190446339,True,"stop_loss(roi=-53.85% <= -51.13%, hold=184.0s >= 60.0s, conf=0.503, rem=68.0s, btc_entry_move=+0.0988%)",232.0,DOWN,DOWN,DOWN
2026-03-12T15:00:00+00:00,76.0,UP,200.0,0.39,69619.93,0.03467019509541934,0.385,0.615,UP,True,310.8205128205128,0.9471333333333334,True,,,UP,UP,UP
2026-03-12T15:10:00+00:00,246.0,UP,200.0,0.5,69658.26,0.06571033016552606,0.49,0.51,UP,True,198.0,0.9417333333333334,True,,,UP,UP,UP
2026-03-12T15:15:00+00:00,57.0,DOWN,200.0,0.51,69713.36,-0.06244217601697855,0.505,0.495,UP,False,-105.88235294117648,0.5057133166303832,True,"stop_loss(roi=-52.94% <= -52.12%, hold=116.0s >= 60.0s, conf=0.506, rem=127.0s, btc_entry_move=+0.1688%)",173.0,DOWN,DOWN,DOWN
2026-03-12T15:35:00+00:00,161.0,UP,200.0,0.41,70299.22,0.06865210035122324,0.395,0.605,UP,True,285.8048780487805,0.8787333333333334,True,,,UP,UP,UP
2026-03-12T16:00:00+00:00,195.0,UP,200.0,0.51,70360.57,0.031486322913015716,0.505,0.495,UP,True,190.156862745098,0.7951763126921368,True,,,UP,UP,UP
2026-03-12T17:00:00+00:00,109.0,DOWN,200.0,0.5,70362.23,-0.0400352432337472,0.51,0.49,UP,False,-128.0,0.6545548676903007,True,"stop_loss(roi=-64.00% <= -46.18%, hold=120.0s >= 60.0s, conf=0.655, rem=71.0s, btc_entry_move=+0.1133%)",229.0,DOWN,DOWN,DOWN
2026-03-12T17:15:00+00:00,68.0,DOWN,200.0,0.49,70390.72,-0.07657167828309415,0.515,0.485,DOWN,True,206.16326530612247,0.925718961298221,True,,,DOWN,DOWN,DOWN
2026-03-12T17:25:00+00:00,63.0,UP,200.0,0.48,70488.35,0.07000951482295213,0.47,0.53,DOWN,False,-100.0,0.8091457637041514,True,"stop_loss(roi=-50.00% <= -46.52%, hold=146.0s >= 60.0s, conf=0.809, rem=91.0s, btc_entry_move=-0.1560%)",209.0,UP,UP,UP
2026-03-12T18:00:00+00:00,63.0,DOWN,200.0,0.44,70195.0,-0.042990113859813744,0.565,0.435,DOWN,True,252.54545454545456,0.8531017585753305,True,,,DOWN,DOWN,DOWN
2026-03-12T19:00:00+00:00,50.0,UP,200.0,0.51,69877.91,0.06785683372955671,0.505,0.495,UP,True,190.156862745098,0.7668559913895295,True,,,UP,UP,UP
2026-03-12T20:15:00+00:00,73.0,DOWN,200.0,0.52,70368.51,-0.06109441607935319,0.485,0.515,DOWN,True,182.61538461538458,0.7696499464917248,True,,,DOWN,DOWN,DOWN
2026-03-12T23:05:00+00:00,123.0,UP,200.0,0.43,70458.36,0.05285815743493665,0.41000000000000003,0.59,UP,True,-111.62790697674419,0.8445333333333332,True,"stop_loss(roi=-55.81% <= -45.75%, hold=132.0s >= 60.0s, conf=0.845, rem=45.0s, btc_entry_move=-0.0938%)",255.0,UP,UP,UP
2026-03-13T01:50:00+00:00,255.0,UP,200.0,0.48,71635.18,0.034894815355494484,0.475,0.525,UP,True,214.66666666666669,0.9759333333333333,True,,,UP,UP,UP
2026-03-13T02:10:00+00:00,61.0,UP,200.0,0.5,71604.96,0.047014244336976325,0.495,0.505,DOWN,False,-172.0,0.552737554953978,True,"hard_adverse_flush(opposite_ask=0.930 >= 0.930, roi=-86.00% <= -45.00%, rem=13.0s, adverse=False)",287.0,UP,UP,UP
2026-03-13T02:35:00+00:00,142.0,DOWN,200.0,0.5,71330.01,-0.03860887021380677,0.51,0.49,DOWN,True,-128.0,0.7105789668860988,True,"stop_loss(roi=-64.00% <= -46.57%, hold=64.0s >= 60.0s, conf=0.711, rem=94.0s, btc_entry_move=+0.1097%)",206.0,DOWN,DOWN,DOWN
2026-03-13T02:45:00+00:00,79.0,DOWN,200.0,0.5,71125.76,-0.05563357965501193,0.505,0.495,UP,False,-200.0,0.797249396870638,True,,,DOWN,DOWN,DOWN
2026-03-13T03:15:00+00:00,243.0,UP,200.0,0.51,71200.74,0.03232766739142771,0.505,0.495,UP,True,190.156862745098,0.803862296728767,True,,,UP,UP,UP
2026-03-13T08:50:00+00:00,91.0,DOWN,200.0,0.52,71817.17,-0.08898893761989476,0.485,0.515,DOWN,True,182.61538461538458,0.9227146019956218,True,,,DOWN,DOWN,DOWN
2026-03-13T09:30:00+00:00,140.0,UP,200.0,0.39,71921.01,0.13229789531171368,0.385,0.615,UP,True,310.8205128205128,0.9471333333333334,True,,,UP,UP,UP
2026-03-13T09:40:00+00:00,157.0,UP,200.0,0.5,71863.19,0.048248634676195924,0.495,0.505,UP,True,198.0,0.6265090415987764,True,,,UP,UP,UP
2026-03-13T09:45:00+00:00,138.0,UP,200.0,0.51,71907.28,0.035096053045396695,0.5,0.505,UP,True,190.156862745098,0.4988008732687876,True,,,UP,UP,UP
2026-03-13T09:55:00+00:00,133.0,UP,200.0,0.51,72055.57,0.058083935288201535,0.505,0.485,DOWN,False,-200.0,0.8693408942168567,True,,,UP,UP,UP
2026-03-13T10:20:00+00:00,97.0,DOWN,200.0,0.52,72356.92,-0.17969251856426283,0.485,0.515,DOWN,True,182.61538461538458,0.8656,True,,,DOWN,DOWN,DOWN
2026-03-13T10:30:00+00:00,79.0,UP,200.0,0.52,72400.94,0.051674794199844096,0.515,0.485,UP,True,-107.69230769230771,0.4763103986665893,True,"stop_loss(roi=-53.85% <= -52.38%, hold=78.0s >= 60.0s, conf=0.476, rem=143.0s, btc_entry_move=-0.1041%)",157.0,UP,UP,UP
2026-03-13T14:40:00+00:00,108.0,DOWN,200.0,0.51,73479.74,-0.03501919771660591,0.495,0.505,DOWN,True,190.156862745098,0.6916350911132828,True,,,DOWN,DOWN,DOWN
2026-03-13T14:55:00+00:00,93.0,DOWN,200.0,0.49,72551.88,-0.08061958696464089,0.52,0.48,DOWN,True,206.16326530612247,0.8574446004943453,True,,,DOWN,DOWN,DOWN
2026-03-13T15:05:00+00:00,45.0,DOWN,200.0,0.48,72326.8,-0.08968028967399769,0.525,0.475,UP,False,-133.33333333333331,0.9471333333333334,True,"stop_loss(roi=-66.67% <= -48.25%, hold=60.0s >= 60.0s, conf=0.947, rem=195.0s, btc_entry_move=+0.2443%)",105.0,DOWN,DOWN,DOWN
2026-03-13T15:10:00+00:00,113.0,DOWN,200.0,0.51,72565.02,-0.07588879928424087,0.5,0.5,UP,False,-117.64705882352942,0.5960948329603668,True,"stop_loss(roi=-58.82% <= -50.72%, hold=144.0s >= 60.0s, conf=0.596, rem=43.0s, btc_entry_move=+0.1033%)",257.0,DOWN,DOWN,DOWN
2026-03-13T15:45:00+00:00,66.0,DOWN,100.0,0.52,71967.29,-0.035801265080269346,0.495,0.505,UP,False,-55.769230769230774,0.5630336754618309,True,"stop_loss(roi=-55.77% <= -52.73%, hold=70.0s >= 60.0s, conf=0.563, rem=164.0s, btc_entry_move=+0.1502%)",136.0,DOWN,DOWN,DOWN
2026-03-13T16:00:00+00:00,100.0,DOWN,50.0,0.5,71822.41,-0.034071511232039164,0.51,0.49,DOWN,True,49.5,0.7149039843424337,True,,,DOWN,DOWN,DOWN
2026-03-13T16:20:00+00:00,77.0,DOWN,200.0,0.49,71378.08,-0.04344995678432288,0.515,0.485,DOWN,True,-110.20408163265306,0.8143682018087524,True,"stop_loss(roi=-55.10% <= -47.55%, hold=70.0s >= 60.0s, conf=0.814, rem=153.0s, btc_entry_move=+0.1834%)",147.0,DOWN,DOWN,DOWN
2026-03-13T16:25:00+00:00,64.0,DOWN,200.0,0.45,71286.02,-0.03952782523827924,0.555,0.445,UP,False,-102.22222222222221,0.8638984880001762,True,"stop_loss(roi=-51.11% <= -47.43%, hold=90.0s >= 60.0s, conf=0.864, rem=146.0s, btc_entry_move=+0.1555%)",154.0,DOWN,DOWN,DOWN
2026-03-13T17:30:00+00:00,48.0,DOWN,200.0,0.5,71640.27,-0.040316319426677544,0.505,0.495,DOWN,True,198.0,0.6800489799533306,True,,,DOWN,DOWN,DOWN
2026-03-13T17:40:00+00:00,54.0,DOWN,200.0,0.52,71423.41,-0.05606317710058247,0.485,0.515,DOWN,True,182.61538461538458,0.6812849846145035,True,,,DOWN,DOWN,DOWN
2026-03-13T17:45:00+00:00,84.0,DOWN,200.0,0.43,71164.64,-0.04031275959239599,0.58,0.42,DOWN,True,263.1162790697675,0.837771330999545,True,,,DOWN,DOWN,DOWN
2026-03-14T00:15:00+00:00,68.0,DOWN,200.0,0.5,70853.55,-0.0580455505281107,0.505,0.495,UP,False,-180.0,0.6200741082357645,True,"hard_adverse_flush(opposite_ask=0.950 >= 0.930, roi=-90.00% <= -45.00%, rem=6.0s, adverse=False)",294.0,DOWN,DOWN,DOWN
2026-03-14T03:15:00+00:00,83.0,UP,200.0,0.51,71037.46,0.04080851326803686,0.505,0.495,DOWN,False,-200.0,0.5691992199047239,True,,,UP,UP,UP
2026-03-14T03:20:00+00:00,58.0,DOWN,100.0,0.5,70971.49,-0.0466867913124708,0.51,0.49,UP,False,-88.0,0.5240457808491649,True,"hard_adverse_flush(opposite_ask=0.940 >= 0.930, roi=-88.00% <= -45.00%, rem=6.0s, adverse=False)",294.0,DOWN,DOWN,DOWN
2026-03-14T04:20:00+00:00,144.0,DOWN,50.0,0.51,71122.68,-0.03322203347247449,0.5,0.5,DOWN,True,47.5392156862745,0.46579391915786017,True,,,DOWN,DOWN,DOWN
2026-03-14T04:45:00+00:00,57.0,DOWN,200.0,0.51,71252.66,-0.052300794861344736,0.49,0.505,UP,False,-200.0,0.5114529235632823,True,,,DOWN,DOWN,DOWN
2026-03-14T04:55:00+00:00,71.0,DOWN,200.0,0.51,71067.65,-0.0378242051254115,0.495,0.505,DOWN,True,190.156862745098,0.5977713722114792,True,,,DOWN,DOWN,DOWN
2026-03-14T05:05:00+00:00,92.0,DOWN,200.0,0.5,70987.85,-0.04976118245963141,0.505,0.495,UP,False,-160.0,0.7239795777710091,True,"stop_loss(roi=-80.00% <= -47.47%, hold=60.0s >= 60.0s, conf=0.724, rem=148.0s, btc_entry_move=+0.0960%)",152.0,DOWN,DOWN,DOWN
2026-03-14T05:30:00+00:00,86.0,DOWN,200.0,0.5,71082.35,-0.051566955708178944,0.505,0.495,DOWN,True,198.0,0.6144779835042967,True,,,DOWN,DOWN,DOWN
2026-03-14T05:35:00+00:00,78.0,DOWN,200.0,0.5,70934.74,-0.05209114027835789,0.51,0.49,UP,False,-172.0,0.747034386401327,True,"hard_adverse_flush(opposite_ask=0.930 >= 0.930, roi=-86.00% <= -45.00%, rem=30.0s, adverse=False)",270.0,DOWN,DOWN,DOWN
2026-03-14T05:40:00+00:00,116.0,DOWN,200.0,0.46,70970.34,-0.050643393614378446,0.56,0.445,UP,False,-200.0,0.8199209267122551,True,,,DOWN,DOWN,DOWN
2026-03-14T07:45:00+00:00,52.0,DOWN,100.0,0.52,70522.10115099998,-0.04516641715353282,0.485,0.515,DOWN,True,91.30769230769229,0.47090229122692256,True,,,DOWN,DOWN,DOWN
2026-03-14T08:05:00+00:00,268.0,UP,200.0,0.47,70691.149095,0.09065287749376448,0.46499999999999997,0.535,UP,True,223.53191489361706,0.9759333333333334,True,,,UP,UP,UP
2026-03-14T08:15:00+00:00,50.0,DOWN,200.0,0.51,70675.33210729998,-0.05167569885230036,0.495,0.505,DOWN,True,190.156862745098,0.4919836454462611,True,,,DOWN,DOWN,DOWN
2026-03-14T08:30:00+00:00,122.0,DOWN,200.0,0.5,70658.10850248001,-0.034893516103803465,0.505,0.495,UP,False,-180.0,0.4672514166031605,True,"hard_adverse_flush(opposite_ask=0.950 >= 0.930, roi=-90.00% <= -45.00%, rem=4.0s, adverse=False)",296.0,DOWN,DOWN,DOWN
2026-03-14T08:45:00+00:00,264.0,UP,200.0,0.47,70597.585,0.038303806145823516,0.46499999999999997,0.535,DOWN,False,-200.0,0.9759333333333334,True,,,UP,UP,UP
2026-03-14T09:45:00+00:00,90.0,DOWN,100.0,0.5,70596.65599999999,-0.04099239946540758,0.505,0.495,DOWN,True,99.0,0.5348162426457761,True,,,DOWN,DOWN,DOWN
2026-03-14T23:30:00+00:00,51.0,UP,200.0,0.51,71078.37894578,0.0479545030136876,0.505,0.495,UP,True,190.156862745098,0.5516320798855269,True,,,UP,UP,UP
2026-03-15T02:45:00+00:00,45.0,UP,200.0,0.43,71449.66699999999,0.04149789436900393,0.425,0.575,UP,True,263.1162790697675,0.87706904117226,True,,,UP,UP,UP
2026-03-15T03:10:00+00:00,263.0,UP,200.0,0.5,71488.03724,0.03639295710447068,0.475,0.525,UP,True,198.0,0.7695018583138592,True,,,UP,UP,UP
2026-03-15T03:15:00+00:00,48.0,DOWN,200.0,0.5,71424.02438,-0.055609426702727,0.505,0.495,DOWN,True,198.0,0.6762253744094245,True,,,DOWN,DOWN,DOWN
2026-03-15T03:25:00+00:00,75.0,DOWN,200.0,0.52,71347.92566786,-0.05394433329818888,0.485,0.515,DOWN,True,182.61538461538458,0.6695589531125564,True,,,DOWN,DOWN,DOWN
2026-03-15T04:15:00+00:00,76.0,UP,200.0,0.49,71641.69293496,0.06718047383009951,0.485,0.515,UP,True,206.16326530612247,0.8913339891534977,True,,,UP,UP,UP
2026-03-15T04:35:00+00:00,138.0,DOWN,200.0,0.51,71489.1064534,-0.032726601515568846,0.495,0.505,UP,False,-141.1764705882353,0.5314030671252165,True,"stop_loss(roi=-70.59% <= -51.43%, hold=76.0s >= 60.0s, conf=0.531, rem=86.0s, btc_entry_move=+0.0974%)",214.0,DOWN,DOWN,DOWN
2026-03-15T09:05:00+00:00,85.0,UP,200.0,0.44,71915.72192890999,0.05945478114933475,0.435,0.565,UP,True,252.54545454545456,0.9471333333333335,True,,,UP,UP,UP
2026-03-15T09:20:00+00:00,113.0,DOWN,200.0,0.45,71841.61725,-0.050311445345144416,0.555,0.445,UP,False,-168.88888888888889,0.9121326460209113,True,"hard_adverse_flush(opposite_ask=0.930 >= 0.930, roi=-84.44% <= -45.00%, rem=53.0s, adverse=False)",247.0,DOWN,DOWN,DOWN
2026-03-15T13:10:00+00:00,87.0,DOWN,200.0,0.44,71391.04405524,-0.056887846904898606,0.565,0.435,UP,False,-100.0,0.9451012702642455,True,"stop_loss(roi=-50.00% <= -45.75%, hold=168.0s >= 60.0s, conf=0.945, rem=45.0s, btc_entry_move=+0.1012%)",255.0,DOWN,DOWN,DOWN
2026-03-15T13:15:00+00:00,102.0,DOWN,100.0,0.5,71408.41264178,-0.06884055041954192,0.505,0.495,DOWN,True,99.0,0.8260997856405194,True,,,DOWN,DOWN,DOWN
2026-03-15T14:10:00+00:00,99.0,DOWN,200.0,0.47,71554.85115,-0.08500765125202758,0.535,0.46499999999999997,DOWN,True,223.53191489361706,0.9471333333333334,True,,,DOWN,DOWN,DOWN
2026-03-15T16:25:00+00:00,45.0,DOWN,200.0,0.5,71362.77911045999,-0.06416718650136909,0.505,0.495,UP,False,-200.0,0.8179597314688364,True,,,DOWN,DOWN,DOWN
2026-03-15T16:30:00+00:00,252.0,UP,200.0,0.39,71437.583,0.030703956654052136,0.385,0.615,DOWN,False,-200.0,0.9759333333333333,True,,,UP,UP,UP
2026-03-15T16:50:00+00:00,47.0,DOWN,100.0,0.5,71379.8494467,-0.04058399122349928,0.51,0.49,UP,False,-84.0,0.5549834189910762,True,"opposite_prob_surge(opposite_ask=0.920 >= 0.906, roi=-84.00% <= -21.55%, hits=5, rem=93.0s, favor=False, adverse=False)",207.0,DOWN,DOWN,DOWN
2026-03-15T17:20:00+00:00,135.0,DOWN,50.0,0.42,71497.13998172,-0.05668343257938913,0.585,0.415,UP,False,-50.0,0.8656,True,,,DOWN,DOWN,DOWN
2026-03-15T18:50:00+00:00,110.0,DOWN,25.0,0.51,71413.47200000001,-0.0360698126127831,0.5,0.5,DOWN,True,23.76960784313725,0.6754414201269588,True,,,DOWN,DOWN,DOWN
2026-03-15T20:40:00+00:00,105.0,UP,200.0,0.49,71902.57171999999,0.06497967876809521,0.485,0.515,UP,True,206.16326530612247,0.8672125498498032,True,,,UP,UP,UP
2026-03-15T20:55:00+00:00,47.0,DOWN,200.0,0.51,71746.39,-0.04622485200177093,0.495,0.505,DOWN,True,190.156862745098,0.5729439550787694,True,,,DOWN,DOWN,DOWN
2026-03-15T21:40:00+00:00,265.0,UP,200.0,0.48,72125.52,0.035381409794546924,0.475,0.525,DOWN,False,-200.0,0.8577766563480315,True,,,UP,UP,UP
2026-03-15T22:45:00+00:00,45.0,UP,200.0,0.51,72487.08338,0.11625690182893603,0.49,0.51,UP,True,190.156862745098,0.7704654456695924,True,,,UP,UP,UP
2026-03-15T22:55:00+00:00,155.0,UP,200.0,0.51,72744.85224003,0.05878348902897156,0.505,0.495,UP,True,190.156862745098,0.49615636828463866,True,,,UP,UP,UP
2026-03-15T23:00:00+00:00,79.0,UP,200.0,0.47,72872.73242,0.16343114857320712,0.45499999999999996,0.545,UP,True,223.53191489361706,0.823044522873214,True,,,UP,UP,UP
2026-03-15T23:15:00+00:00,142.0,DOWN,200.0,0.43,72944.00847167001,-0.08536455445711924,0.585,0.41500000000000004,DOWN,True,263.1162790697675,0.8787333333333334,True,,,DOWN,DOWN,DOWN
2026-03-15T23:25:00+00:00,204.0,UP,200.0,0.52,72651.93671688,0.07328877086417156,0.505,0.495,DOWN,False,-126.92307692307693,0.5611429016432977,True,"stop_loss(roi=-63.46% <= -50.60%, hold=60.0s >= 60.0s, conf=0.561, rem=36.0s, btc_entry_move=-0.1288%)",264.0,UP,UP,UP
2026-03-15T23:35:00+00:00,109.0,DOWN,200.0,0.52,72484.0,-0.052384111357128005,0.485,0.515,UP,False,-200.0,0.6272132087145929,True,,,DOWN,DOWN,DOWN
2026-03-16T00:20:00+00:00,53.0,DOWN,100.0,0.52,72660.63321,-0.03653572245673876,0.455,0.505,DOWN,True,91.30769230769229,0.45802513022793506,True,,,DOWN,DOWN,DOWN
2026-03-16T01:25:00+00:00,184.0,UP,200.0,0.48,72654.26889474,0.04969677667494419,0.475,0.525,UP,True,214.66666666666669,0.9471333333333334,True,,,UP,UP,UP
2026-03-16T02:20:00+00:00,62.0,DOWN,200.0,0.47,72582.48892,-0.03804026739526653,0.535,0.46499999999999997,DOWN,True,223.53191489361706,0.8202759478829592,True,,,DOWN,DOWN,DOWN
